<?xml version="1.0" encoding="UTF-8"?>
<!DOCTYPE mapper PUBLIC "-//mybatis.org//DTD Mapper 3.0//EN" "http://mybatis.org/dtd/mybatis-3-mapper.dtd">
<mapper namespace="com.cloud.chat.module.user.mapper.ChatUserMapper">
    <resultMap id="groupUserMap" type="com.cloud.chat.module.user.entity.ChatGroupFriend">
        <result column="id" property="id"/>
        <result column="name" property="name"/>
        <collection property="userList" ofType="com.cloud.chat.module.user.entity.ChatUser">
            <result column="USER_ID" property="id"/>
            <result column="NAME" property="name"/>
            <result column="AVATAR" property="avatar"/>
            <result column="POLICE_NUMBER" property="sign"/>
            <result column="PHONE" property="mobile"/>
            <result column="IDCARD" property="email"/>
        </collection>
    </resultMap>



    <select id="getGroupUsers" resultMap="groupUserMap">
        SELECT
            g.id     AS id,
            g.name   AS name,
             u.USER_ID ,
            u.NAME ,
            u.POLICE_NUMBER AS POLICE_NUMBER,
            u.AVATAR AS AVATAR,
            u.PHONE AS PHONE,
            u.IDCARD AS IDCARD
        FROM
            im_group g
            LEFT JOIN t_portal_chat_group_user gu ON g.id = gu.group_id
            LEFT JOIN SYS_USER u ON u.USER_ID = gu.user_id
        WHERE
            g.user_id = #{userId}
    </select>
    <select id="getUserGroups" parameterType="string" resultType="com.cloud.chat.module.user.entity.ChatGroup">
        SELECT
            id,
            name,
            avatar
        FROM t_portal_chat_group
        WHERE id IN (SELECT cg.chat_group_id
                     FROM t_portal_chat_group_user cg
                     WHERE cg.user_id = #{userId})
    </select>
    <select id="getChatUserList" parameterType="string" resultType="com.cloud.chat.module.user.entity.ChatUser">
       SELECT
            u.USER_ID  as id,
            u.NAME  as  name,
            u.POLICE_NUMBER AS sign,
            u.AVATAR AS AVATAR,
            u.PHONE AS mobile,
            u.IDCARD AS email

        FROM sys_user u
        WHERE user_id IN (SELECT cg.user_id
                     FROM t_portal_chat_group_user cg
                     WHERE cg.chat_group_id = #{chatId})
    </select>

    <select id="findInitUser" parameterType="string" resultType="com.cloud.chat.module.user.entity.ChatUser">
        select id, name, sign, avatar, mobile, email, type, histroyId
          from (select USER_ID as id,
                       NAME as name,
                       msg AS sign,
                       AVATAR AS AVATAR,
                       PHONE AS mobile,
                       idcard AS email,
                       send_time,
                       show,
                       histroyId,
                       type,
                       row_number() over(PARTITION BY user_id ORDER BY send_time desc) rn
                  from (select t.send_time, t.id as histroyId, t.msg, t.from_show as show,t.type, u.*
                          from t_portal_chat_message t
                          join SYS_USER u
                            on u.user_id = t.to_id
                         where t.from_id = #{id}
                        union all
                        select t.send_time, t.id as histroyId, t.msg, t.to_show as show,t.type, u.*
                          from t_portal_chat_message t
                          join SYS_USER u
                            on u.user_id = t.from_id
                         where t.to_id = #{id}))
         where rn = 1
           and show = 1
         order by send_time desc
    </select>


</mapper>
