<?xml version="1.0" encoding="UTF-8"?>
<!DOCTYPE mapper PUBLIC "-//mybatis.org//DTD Mapper 3.0//EN" "http://mybatis.org/dtd/mybatis-3-mapper.dtd">
<mapper namespace="com.cloud.chat.module.user.mapper.ChatUserFriendMapper">
    <resultMap id="groupUserMap" type="com.cloud.chat.module.user.entity.ChatGroupFriend">
        <result column="id" property="id"/>
        <result column="name" property="name"/>
        <collection property="userList" ofType="com.cloud.chat.module.user.entity.ChatUser">
            <result column="USER_ID" property="id"/>
            <result column="U_NAME" property="name"/>
            <result column="AVATAR" property="avatar"/>
            <result column="POLICE_NUMBER" property="sign"/>
            <result column="PHONE" property="mobile"/>
            <result column="IDCARD" property="email"/>
        </collection>
    </resultMap>
    <select id="getUserFriends" resultMap="groupUserMap" parameterType="string">
        SELECT
            g.id AS id,
            g.name AS name,
            u.USER_ID ,
            u.NAME  as U_NAME,
            u.POLICE_NUMBER AS POLICE_NUMBER,
            u.AVATAR AS AVATAR,
            u.PHONE AS PHONE,
            u.IDCARD AS IDCARD
        FROM
            (
                SELECT
                    friend_id AS user_id,
                    user_group_id AS group_id
                FROM
                    t_portal_chat_user_friend
                WHERE
                    user_id = #{userId}
                UNION ALL
                SELECT
                    user_id AS user_id,
                    friend_group_id AS group_id
                FROM
                    t_portal_chat_user_friend
                WHERE
                    friend_id = #{userId}
            ) ug
                JOIN SYS_USER u ON u.USER_ID = ug.user_id
                JOIN t_portal_chat_friend_group g ON g.id = ug.group_id
    </select>
</mapper>
