<?xml version="1.0" encoding="UTF-8"?>
<!DOCTYPE mapper PUBLIC "-//mybatis.org//DTD Mapper 3.0//EN" "http://mybatis.org/dtd/mybatis-3-mapper.dtd">
<mapper namespace="com.cloud.chat.module.message.mapper.ChatMessageMapper">

    <select id="findMsgPage" resultType="com.cloud.chat.common.entity.Message">
        select TT.* from(
                SELECT MSG.TO_ID AS ID,
                DECODE(MSG.FROM_ID, #{query.fromId}, 'true', 'false') AS MINE,
                MSG.TYPE    AS TYPE,
                SU.AVATAR   AS AVATAR,
                SU.NAME     AS USERNAME,
                MSG.FROM_ID AS FROMID,
                MSG.ID      AS CID,
                MSG.MSG     AS CONTENT,
                MSG.SEND_TIME AS SENDTIME
                FROM T_PORTAL_CHAT_MESSAGE MSG
                LEFT JOIN SYS_USER SU
                ON MSG.FROM_ID = SU.USER_ID
                <where>
                    <choose>
                        <when test="query.type == 0 or query.type =='0'">
                            (msg.to_id=#{query.toId} and msg.from_id=#{query.fromId})
                            or
                            (msg.from_id =#{query.toId} and msg.to_id=#{query.fromId})
                        </when>
                        <otherwise>
                            msg.to_id=#{query.toId}
                        </otherwise>
                    </choose>

                </where>

                ORDER BY MSG.SEND_TIME DESC
                ) TT
                    <where>
                        <if test="query.sendTime !=null and query.sendTime != ''">
                          and  TT.SENDTIME &gt; #{query.sendTime}
                        </if>
                        <if test="query.sendTimeEnd !=null and query.sendTimeEnd != ''">
                           and TT.SENDTIME &lt; #{query.sendTimeEnd}
                        </if>
                        <if test="query.msg !=null and query.msg != ''">
                          and  TT.CONTENT LIKE '%'||#{query.msg}||'%'
                            AND NOT regexp_like ( TT.CONTENT, '^img["["]' )
                            AND NOT regexp_like ( TT.CONTENT, '^face["["]' )
                            AND NOT regexp_like ( TT.CONTENT, '^file["("]' )
                        </if>
                    </where>
    </select>
</mapper>
