<?xml version="1.0" encoding="UTF-8"?>
<!DOCTYPE mapper PUBLIC "-//mybatis.org//DTD Mapper 3.0//EN" "http://mybatis.org/dtd/mybatis-3-mapper.dtd">
<mapper namespace="com.example.svnadmin.mapper.PjMapper">

    <!-- 通用查询结果列 -->
    <sql id="Base_Column_List">
        pj, path, url, type, des
    </sql>

    <select id="getPjById" resultType="com.example.svnadmin.vo.PjQueryVo">
        select
        <include refid="Base_Column_List"/>
        from pj where pj = #{id}
    </select>

    <select id="getPjPageList" parameterType="com.example.svnadmin.param.PjPageParam" resultType="com.example.svnadmin.vo.PjQueryVo">
        select
        <include refid="Base_Column_List"/>
        from pj
    </select>

</mapper>
