<?xml version="1.0" encoding="UTF-8"?>
<!DOCTYPE mapper PUBLIC "-//mybatis.org//DTD Mapper 3.0//EN" "http://mybatis.org/dtd/mybatis-3-mapper.dtd">
<mapper namespace="com.example.svnadmin.mapper.PjUsrMapper">

    <!-- 通用查询结果列 -->
    <sql id="Base_Column_List">
        pj, usr, psw
    </sql>

    <select id="getPjUsrById" resultType="com.example.svnadmin.vo.PjUsrQueryVo">
        select
        <include refid="Base_Column_List"/>
        from pj_usr where pj = #{id}
    </select>

    <select id="getPjUsrPageList" parameterType="com.example.svnadmin.param.PjUsrPageParam" resultType="com.example.svnadmin.vo.PjUsrQueryVo">
        select
        <include refid="Base_Column_List"/>
        from pj_usr
    </select>

</mapper>
