<?xml version="1.0" encoding="UTF-8"?>
<!DOCTYPE mapper PUBLIC "-//mybatis.org//DTD Mapper 3.0//EN" "http://mybatis.org/dtd/mybatis-3-mapper.dtd">
<mapper namespace="com.example.svnadmin.mapper.UsrMapper">

    <!-- 通用查询结果列 -->
    <sql id="Base_Column_List">
        usr, psw, role, NAME
    </sql>

    <select id="getUsrById" resultType="com.example.svnadmin.vo.UsrQueryVo">
        select
        <include refid="Base_Column_List"/>
        from usr where usr = #{id}
    </select>

    <select id="getUsrPageList" parameterType="com.example.svnadmin.param.UsrPageParam" resultType="com.example.svnadmin.vo.UsrQueryVo">
        select
        <include refid="Base_Column_List"/>
        from usr
    </select>

</mapper>
